Variable,Regulation,log2FoldChange,Pathway,,,,,,,,,,,,,,,,
Carnivore,Upregulated,---,---,,,,,,,,,,,,,,,,
Carnivore,Downregulated,-1.568891,Bifidobacterium shunt,,,,,,,,,,,,,,,,
Carnivore,Downregulated,-1.692592,fatty acid &beta;-oxidation I,,,,,,,,,,,,,,,,
Carnivore,Downregulated,-1.718193,superpathway of heme biosynthesis from glycine,,,,,,,,,,,,,,,,
Carnivore,Downregulated,-1.775188,superpathway of phylloquinol biosynthesis,,,,,,,,,,,,,,,,
Carnivore,Downregulated,-1.775637,aromatic biogenic amine degradation (bacteria),,,,,,,,,,,,,,,,
Carnivore,Downregulated,-1.878193,"1,4-dihydroxy-2-naphthoate biosynthesis I",,,,,,,,,,,,,,,,
Carnivore,Downregulated,-1.880072,superpathway of sulfolactate degradation,,,,,,,,,,,,,,,,
Carnivore,Downregulated,-1.919586,lactose and galactose degradation I,,,,,,,,,,,,,,,,
Carnivore,Downregulated,-1.919626,L-leucine degradation I,,,,,,,,,,,,,,,,
Carnivore,Downregulated,-1.987496,superpathway of lipopolysaccharide biosynthesis,,,,,,,,,,,,,,,,
Carnivore,Downregulated,-2.039267,allantoin degradation IV (anaerobic),,,,,,,,,,,,,,,,
Carnivore,Downregulated,-2.07007,superpathway of menaquinol-9 biosynthesis,,,,,,,,,,,,,,,,
Carnivore,Downregulated,-2.215993,ketogluconate metabolism,,,,,,,,,,,,,,,,
Carnivore,Downregulated,-2.284064,superpathway of menaquinol-6 biosynthesis I,,,,,,,,,,,,,,,,
Carnivore,Downregulated,-2.284064,superpathway of menaquinol-10 biosynthesis,,,,,,,,,,,,,,,,
Carnivore,Downregulated,-2.313749,superpathway of demethylmenaquinol-9 biosynthesis,,,,,,,,,,,,,,,,
Carnivore,Downregulated,-2.524639,creatinine degradation II,,,,,,,,,,,,,,,,
Carnivore,Downregulated,-2.530925,superpathway of demethylmenaquinol-6 biosynthesis I,,,,,,,,,,,,,,,,
Carnivore,Downregulated,-2.609883,superpathway of ubiquinol-8 biosynthesis (prokaryotic),,,,,,,,,,,,,,,,
Carnivore,Downregulated,-2.619152,norspermidine biosynthesis,,,,,,,,,,,,,,,,
Carnivore,Downregulated,-2.629729,toluene degradation III (aerobic) (via p-cresol),,,,,,,,,,,,,,,,
Carnivore,Downregulated,-2.643802,catechol degradation I (meta-cleavage pathway),,,,,,,,,,,,,,,,
Carnivore,Downregulated,-2.655656,ubiquinol-7 biosynthesis (prokaryotic),,,,,,,,,,,,,,,,
Carnivore,Downregulated,-2.655656,ubiquinol-9 biosynthesis (prokaryotic),,,,,,,,,,,,,,,,
Carnivore,Downregulated,-2.655656,ubiquinol-10 biosynthesis (prokaryotic),,,,,,,,,,,,,,,,
Carnivore,Downregulated,-2.655656,ubiquinol-8 biosynthesis (prokaryotic),,,,,,,,,,,,,,,,
Carnivore,Downregulated,-2.668103,4-hydroxyphenylacetate degradation,,,,,,,,,,,,,,,,
Carnivore,Downregulated,-2.675954,enterobacterial common antigen biosynthesis,,,,,,,,,,,,,,,,
Carnivore,Downregulated,-2.708126,L-tyrosine degradation I,,,,,,,,,,,,,,,,
Carnivore,Downregulated,-2.752172,2-aminophenol degradation,,,,,,,,,,,,,,,,
Carnivore,Downregulated,-2.771124,glycine betaine degradation I,,,,,,,,,,,,,,,,
Carnivore,Downregulated,-2.87338,superpathway of chorismate metabolism,,,,,,,,,,,,,,,,
Carnivore,Downregulated,-2.893653,4-methylcatechol degradation (ortho cleavage),,,,,,,,,,,,,,,,
Carnivore,Downregulated,-2.938431,isoprene biosynthesis II (engineered),,,,,,,,,,,,,,,,
Carnivore,Downregulated,-2.988012,NAD salvage pathway II,,,,,,,,,,,,,,,,
Carnivore,Downregulated,-3.03798,polymyxin resistance,,,,,,,,,,,,,,,,
Carnivore,Downregulated,-3.041831,p-cymene degradation,,,,,,,,,,,,,,,,
Carnivore,Downregulated,-3.041831,p-cumate degradation,,,,,,,,,,,,,,,,
Carnivore,Downregulated,-3.148416,protocatechuate degradation II (ortho-cleavage pathway),,,,,,,,,,,,,,,,
Carnivore,Downregulated,-3.278676,superpathway of geranylgeranyldiphosphate biosynthesis I (via mevalonate),,,,,,,,,,,,,,,,
Carnivore,Downregulated,-3.28222,superpathway of (Kdo)2-lipid A biosynthesis,,,,,,,,,,,,,,,,
Carnivore,Downregulated,-3.463603,nitrate reduction I (denitrification),,,,,,,,,,,,,,,,
Carnivore,Downregulated,-3.475949,mevalonate pathway I,,,,,,,,,,,,,,,,
Carnivore,Downregulated,-3.506326,2-methylcitrate cycle I,,,,,,,,,,,,,,,,
Carnivore,Downregulated,-3.607396,chlorosalicylate degradation,,,,,,,,,,,,,,,,
Carnivore,Downregulated,-3.694177,L-tryptophan degradation XII (Geobacillus),,,,,,,,,,,,,,,,
Carnivore,Downregulated,-3.77129,2-methylcitrate cycle II,,,,,,,,,,,,,,,,
Carnivore,Downregulated,-3.83128,enterobactin biosynthesis,,,,,,,,,,,,,,,,
Carnivore,Downregulated,-3.867082,catechol degradation II (meta-cleavage pathway),,,,,,,,,,,,,,,,
Carnivore,Downregulated,-3.895509,L-tryptophan degradation IX,,,,,,,,,,,,,,,,
Carnivore,Downregulated,-3.918691,L-arginine degradation II (AST pathway),,,,,,,,,,,,,,,,
Carnivore,Downregulated,-3.955282,2-amino-3-carboxymuconate semialdehyde degradation to 2-oxopentenoate,,,,,,,,,,,,,,,,
Carnivore,Downregulated,-4.027771,NAD biosynthesis II (from tryptophan),,,,,,,,,,,,,,,,
Carnivore,Downregulated,-4.046163,isopropanol biosynthesis,,,,,,,,,,,,,,,,
Carnivore,Downregulated,-4.088381,superpathway of methylglyoxal degradation,,,,,,,,,,,,,,,,
Carnivore,Downregulated,-4.147646,sucrose biosynthesis I (from photosynthesis),,,,,,,,,,,,,,,,
Carnivore,Downregulated,-4.158785,L-tryptophan degradation to 2-amino-3-carboxymuconate semialdehyde,,,,,,,,,,,,,,,,
Carnivore,Downregulated,-4.173064,catechol degradation to 2-oxopent-4-enoate II,,,,,,,,,,,,,,,,
Carnivore,Downregulated,-4.219585,superpathway of L-threonine metabolism,,,,,,,,,,,,,,,,
Carnivore,Downregulated,-4.349961,2-nitrobenzoate degradation I,,,,,,,,,,,,,,,,
Carnivore,Downregulated,-4.355333,chitin derivatives degradation,,,,,,,,,,,,,,,,
Carnivore,Downregulated,-4.43821,sucrose biosynthesis III,,,,,,,,,,,,,,,,
Carnivore,Downregulated,-4.62155,phenylacetate degradation I (aerobic),,,,,,,,,,,,,,,,
Carnivore,Downregulated,-4.686349,superpathway of phenylethylamine degradation,,,,,,,,,,,,,,,,
Carnivore,Downregulated,-4.842858,sulfoglycolysis,,,,,,,,,,,,,,,,
Carnivore,Downregulated,-4.893331,meta cleavage pathway of aromatic compounds,,,,,,,,,,,,,,,,
Carnivore,Downregulated,-4.931184,L-arabinose degradation IV,,,,,,,,,,,,,,,,
Carnivore,Downregulated,-4.944313,nicotinate degradation I,,,,,,,,,,,,,,,,
Carnivore,Downregulated,-4.978486,toluene degradation IV (aerobic) (via catechol),,,,,,,,,,,,,,,,
Carnivore,Downregulated,-5.036068,3-phenylpropanoate and 3-(3-hydroxyphenyl)propanoate degradation,,,,,,,,,,,,,,,,
Carnivore,Downregulated,-5.176834,"1,5-anhydrofructose degradation",,,,,,,,,,,,,,,,
Carnivore,Downregulated,-5.248886,catechol degradation III (ortho-cleavage pathway),,,,,,,,,,,,,,,,
Carnivore,Downregulated,-5.248886,aromatic compounds degradation via &beta;-ketoadipate,,,,,,,,,,,,,,,,
Carnivore,Downregulated,-5.406754,superpathway of aerobic toluene degradation,,,,,,,,,,,,,,,,
Carnivore,Downregulated,-5.515108,"superpathway of L-arginine, putrescine, and 4-aminobutanoate degradation",,,,,,,,,,,,,,,,
Carnivore,Downregulated,-5.515108,superpathway of L-arginine and L-ornithine degradation,,,,,,,,,,,,,,,,
Carnivore,Downregulated,-5.787577,superpathway of salicylate degradation,,,,,,,,,,,,,,,,
Carnivore,Downregulated,-5.943646,catechol degradation to &beta;-ketoadipate,,,,,,,,,,,,,,,,
Carnivore,Downregulated,-6.005291,superpathway of ornithine degradation,,,,,,,,,,,,,,,,
Carnivore,Downregulated,-6.137754,3-phenylpropanoate and 3-(3-hydroxyphenyl)propanoate degradation to 2-oxopent-4-enoate,,,,,,,,,,,,,,,,
Carnivore,Downregulated,-6.137754,cinnamate and 3-hydroxycinnamate degradation to 2-oxopent-4-enoate,,,,,,,,,,,,,,,,
Carnivore,Downregulated,-6.318334,aerobactin biosynthesis,,,,,,,,,,,,,,,,
,,,,,,,,,,,,,,,,,,,
Herbivore,Upregulated,2.13851,protein N-glycosylation (bacterial),,,,,,,,,,,,,,,,
Herbivore,Downregulated,-1.833116,isopropanol biosynthesis,,,,,,,,,,,,,,,,
Herbivore,Downregulated,-2.267351,toluene degradation IV (aerobic) (via catechol),,,,,,,,,,,,,,,,
Herbivore,Downregulated,-3.352162,biphenyl degradation,,,,,,,,,,,,,,,,
,,,,,,,,,,,,,,,,,,,
Omnivore,Upregulated,---,---,,,,,,,,,,,,,,,,
Omnivore,Downregulated,-1.671778,superpathway of geranylgeranyldiphosphate biosynthesis I (via mevalonate),,,,,,,,,,,,,,,,
Omnivore,Downregulated,-1.703969,mevalonate pathway I,,,,,,,,,,,,,,,,
Omnivore,Downregulated,-1.814757,phosphopantothenate biosynthesis III,,,,,,,,,,,,,,,,
Omnivore,Downregulated,-1.826611,superpathway of bacteriochlorophyll a biosynthesis,,,,,,,,,,,,,,,,
Omnivore,Downregulated,-2.637297,3-phenylpropanoate and 3-(3-hydroxyphenyl)propanoate degradation,,,,,,,,,,,,,,,,
Omnivore,Downregulated,-2.764808,3-phenylpropanoate and 3-(3-hydroxyphenyl)propanoate degradation to 2-oxopent-4-enoate,,,,,,,,,,,,,,,,
Omnivore,Downregulated,-2.764808,cinnamate and 3-hydroxycinnamate degradation to 2-oxopent-4-enoate,,,,,,,,,,,,,,,,
Omnivore,Downregulated,-4.27214,adenosylcobalamin biosynthesis II (late cobalt incorporation),,,,,,,,,,,,,,,,
Omnivore,Downregulated,-4.38251,"cob(II)yrinate a,c-diamide biosynthesis II (late cobalt incorporation)",,,,,,,,,,,,,,,,
Omnivore,Downregulated,-5.562475,androstenedione degradation,,,,,,,,,,,,,,,,
Omnivore,Downregulated,-5.637213,4-coumarate degradation (anaerobic),,,,,,,,,,,,,,,,
Omnivore,Downregulated,-7.267034,flavin biosynthesis II (archaea),,,,,,,,,,,,,,,,
Omnivore,Downregulated,-7.733823,methanogenesis from H2 and CO2,,,,,,,,,,,,,,,,
Omnivore,Downregulated,-8.323322,phospholipases,,,,,,,,,,,,,,,,
Omnivore,Downregulated,-11.352209,archaetidylserine and archaetidylethanolamine biosynthesis,,,,,,,,,,,,,,,,
Omnivore,Downregulated,-12.285265,Methanobacterium thermoautotrophicum biosynthetic metabolism,,,,,,,,,,,,,,,,
,,,,,,,,,,,,,,,,,,,
Non-Fermenter,Upregulated,2.199305,sucrose degradation II (sucrose synthase),,,,,,,,,,,,,,,,
Non-Fermenter,Upregulated,1.870671,S-methyl-5-thio-&alpha;-D-ribose 1-phosphate degradation,,,,,,,,,,,,,,,,
Non-Fermenter,Upregulated,1.85568,L-methionine salvage cycle III,,,,,,,,,,,,,,,,
Non-Fermenter,Upregulated,1.78501,ectoine biosynthesis,,,,,,,,,,,,,,,,
Non-Fermenter,Downregulated,-1.635981,allantoin degradation IV (anaerobic),,,,,,,,,,,,,,,,
Non-Fermenter,Downregulated,-1.63767,enterobactin biosynthesis,,,,,,,,,,,,,,,,
Non-Fermenter,Downregulated,-1.717001,superpathway of chorismate metabolism,,,,,,,,,,,,,,,,
Non-Fermenter,Downregulated,-1.763347,superpathway of menaquinol-6 biosynthesis I,,,,,,,,,,,,,,,,
Non-Fermenter,Downregulated,-1.763347,superpathway of menaquinol-10 biosynthesis,,,,,,,,,,,,,,,,
Non-Fermenter,Downregulated,-1.862544,superpathway of menaquinol-9 biosynthesis,,,,,,,,,,,,,,,,
Non-Fermenter,Downregulated,-1.863241,superpathway of sulfolactate degradation,,,,,,,,,,,,,,,,
Non-Fermenter,Downregulated,-1.9315,L-glutamate degradation VIII (to propanoate),,,,,,,,,,,,,,,,
Non-Fermenter,Downregulated,-1.942459,4-methylcatechol degradation (ortho cleavage),,,,,,,,,,,,,,,,
Non-Fermenter,Downregulated,-1.962866,glycogen degradation II (eukaryotic),,,,,,,,,,,,,,,,
Non-Fermenter,Downregulated,-1.967848,isoprene biosynthesis II (engineered),,,,,,,,,,,,,,,,
Non-Fermenter,Downregulated,-1.970616,superpathway of demethylmenaquinol-6 biosynthesis I,,,,,,,,,,,,,,,,
Non-Fermenter,Downregulated,-1.986654,superpathway of taurine degradation,,,,,,,,,,,,,,,,
Non-Fermenter,Downregulated,-2.015976,octane oxidation,,,,,,,,,,,,,,,,
Non-Fermenter,Downregulated,-2.056561,3-phenylpropanoate and 3-(3-hydroxyphenyl)propanoate degradation,,,,,,,,,,,,,,,,
Non-Fermenter,Downregulated,-2.062521,superpathway of demethylmenaquinol-9 biosynthesis,,,,,,,,,,,,,,,,
Non-Fermenter,Downregulated,-2.068304,enterobacterial common antigen biosynthesis,,,,,,,,,,,,,,,,
Non-Fermenter,Downregulated,-2.308242,chitin derivatives degradation,,,,,,,,,,,,,,,,
Non-Fermenter,Downregulated,-2.359504,gluconeogenesis II (Methanobacterium thermoautotrophicum),,,,,,,,,,,,,,,,
Non-Fermenter,Downregulated,-2.396235,protocatechuate degradation I (meta-cleavage pathway),,,,,,,,,,,,,,,,
Non-Fermenter,Downregulated,-2.646422,superpathway of L-threonine metabolism,,,,,,,,,,,,,,,,
Non-Fermenter,Downregulated,-2.667654,superpathway of (Kdo)2-lipid A biosynthesis,,,,,,,,,,,,,,,,
Non-Fermenter,Downregulated,-2.678914,protocatechuate degradation II (ortho-cleavage pathway),,,,,,,,,,,,,,,,
Non-Fermenter,Downregulated,-2.706059,L-tyrosine degradation I,,,,,,,,,,,,,,,,
Non-Fermenter,Downregulated,-2.75457,adenosylcobalamin biosynthesis II (late cobalt incorporation),,,,,,,,,,,,,,,,
Non-Fermenter,Downregulated,-2.77339,superpathway of phenylethylamine degradation,,,,,,,,,,,,,,,,
Non-Fermenter,Downregulated,-2.819806,norspermidine biosynthesis,,,,,,,,,,,,,,,,
Non-Fermenter,Downregulated,-2.83491,glycine betaine degradation I,,,,,,,,,,,,,,,,
Non-Fermenter,Downregulated,-2.84435,superpathway of methylglyoxal degradation,,,,,,,,,,,,,,,,
Non-Fermenter,Downregulated,-2.852599,methylgallate degradation,,,,,,,,,,,,,,,,
Non-Fermenter,Downregulated,-2.869487,gallate degradation II,,,,,,,,,,,,,,,,
Non-Fermenter,Downregulated,-2.903348,catechol degradation II (meta-cleavage pathway),,,,,,,,,,,,,,,,
Non-Fermenter,Downregulated,-2.951688,3-phenylpropanoate and 3-(3-hydroxyphenyl)propanoate degradation to 2-oxopent-4-enoate,,,,,,,,,,,,,,,,
Non-Fermenter,Downregulated,-2.951688,cinnamate and 3-hydroxycinnamate degradation to 2-oxopent-4-enoate,,,,,,,,,,,,,,,,
Non-Fermenter,Downregulated,-2.953851,"1,5-anhydrofructose degradation",,,,,,,,,,,,,,,,
Non-Fermenter,Downregulated,-2.96851,superpathway of vanillin and vanillate degradation,,,,,,,,,,,,,,,,
Non-Fermenter,Downregulated,-2.96851,vanillin and vanillate degradation I,,,,,,,,,,,,,,,,
Non-Fermenter,Downregulated,-2.985242,catechol degradation to 2-oxopent-4-enoate II,,,,,,,,,,,,,,,,
Non-Fermenter,Downregulated,-3.019061,vanillin and vanillate degradation II,,,,,,,,,,,,,,,,
Non-Fermenter,Downregulated,-3.030442,nitrate reduction I (denitrification),,,,,,,,,,,,,,,,
Non-Fermenter,Downregulated,-3.035013,NAD salvage pathway II,,,,,,,,,,,,,,,,
Non-Fermenter,Downregulated,-3.052431,mandelate degradation I,,,,,,,,,,,,,,,,
Non-Fermenter,Downregulated,-3.177914,2-aminophenol degradation,,,,,,,,,,,,,,,,
Non-Fermenter,Downregulated,-3.261072,L-tryptophan degradation XII (Geobacillus),,,,,,,,,,,,,,,,
Non-Fermenter,Downregulated,-3.306701,reductive TCA cycle II,,,,,,,,,,,,,,,,
Non-Fermenter,Downregulated,-3.314016,factor 420 biosynthesis,,,,,,,,,,,,,,,,
Non-Fermenter,Downregulated,-3.316099,gallate degradation I,,,,,,,,,,,,,,,,
Non-Fermenter,Downregulated,-3.357312,benzoyl-CoA degradation I (aerobic),,,,,,,,,,,,,,,,
Non-Fermenter,Downregulated,-3.366477,chorismate biosynthesis II (archaea),,,,,,,,,,,,,,,,
Non-Fermenter,Downregulated,-3.38189,&beta;-alanine biosynthesis II,,,,,,,,,,,,,,,,
Non-Fermenter,Downregulated,-3.418806,sucrose biosynthesis III,,,,,,,,,,,,,,,,
Non-Fermenter,Downregulated,-3.431587,L-rhamnose degradation II,,,,,,,,,,,,,,,,
Non-Fermenter,Downregulated,-3.524352,L-valine degradation I,,,,,,,,,,,,,,,,
Non-Fermenter,Downregulated,-3.530027,phenylacetate degradation I (aerobic),,,,,,,,,,,,,,,,
Non-Fermenter,Downregulated,-3.599145,polymyxin resistance,,,,,,,,,,,,,,,,
Non-Fermenter,Downregulated,-3.702722,methyl ketone biosynthesis,,,,,,,,,,,,,,,,
Non-Fermenter,Downregulated,-3.787409,ergothioneine biosynthesis I (bacteria),,,,,,,,,,,,,,,,
Non-Fermenter,Downregulated,-3.832481,toluene degradation III (aerobic) (via p-cresol),,,,,,,,,,,,,,,,
Non-Fermenter,Downregulated,-3.873912,toluene degradation VI (anaerobic),,,,,,,,,,,,,,,,
Non-Fermenter,Downregulated,-3.930134,vitamin E biosynthesis (tocopherols),,,,,,,,,,,,,,,,
Non-Fermenter,Downregulated,-3.99905,L-isoleucine degradation I,,,,,,,,,,,,,,,,
Non-Fermenter,Downregulated,-4.011858,syringate degradation,,,,,,,,,,,,,,,,
Non-Fermenter,Downregulated,-4.189199,protein N-glycosylation (bacterial),,,,,,,,,,,,,,,,
Non-Fermenter,Downregulated,-4.227704,methanogenesis from H2 and CO2,,,,,,,,,,,,,,,,
Non-Fermenter,Downregulated,-4.329741,sulfoglycolysis,,,,,,,,,,,,,,,,
Non-Fermenter,Downregulated,-4.434691,superpathway of aerobic toluene degradation,,,,,,,,,,,,,,,,
Non-Fermenter,Downregulated,-4.437154,mannosylglycerate biosynthesis I,,,,,,,,,,,,,,,,
Non-Fermenter,Downregulated,-4.449597,tetrahydromethanopterin biosynthesis,,,,,,,,,,,,,,,,
Non-Fermenter,Downregulated,-4.473088,mycolyl-arabinogalactan-peptidoglycan complex biosynthesis,,,,,,,,,,,,,,,,
Non-Fermenter,Downregulated,-4.677756,L-arginine degradation II (AST pathway),,,,,,,,,,,,,,,,
Non-Fermenter,Downregulated,-4.798138,aerobactin biosynthesis,,,,,,,,,,,,,,,,
Non-Fermenter,Downregulated,-4.812423,chlorosalicylate degradation,,,,,,,,,,,,,,,,
Non-Fermenter,Downregulated,-4.853534,catechol degradation III (ortho-cleavage pathway),,,,,,,,,,,,,,,,
Non-Fermenter,Downregulated,-4.853534,aromatic compounds degradation via &beta;-ketoadipate,,,,,,,,,,,,,,,,
Non-Fermenter,Downregulated,-4.943888,nicotinate degradation I,,,,,,,,,,,,,,,,
Non-Fermenter,Downregulated,-4.972362,superpathway of salicylate degradation,,,,,,,,,,,,,,,,
Non-Fermenter,Downregulated,-5.024377,nylon-6 oligomer degradation,,,,,,,,,,,,,,,,
Non-Fermenter,Downregulated,-5.045593,androstenedione degradation,,,,,,,,,,,,,,,,
Non-Fermenter,Downregulated,-5.057284,catechol degradation to &beta;-ketoadipate,,,,,,,,,,,,,,,,
Non-Fermenter,Downregulated,-5.090251,superpathway of mycolyl-arabinogalactan-peptidoglycan complex biosynthesis,,,,,,,,,,,,,,,,
Non-Fermenter,Downregulated,-5.305082,nitrifier denitrification,,,,,,,,,,,,,,,,
Non-Fermenter,Downregulated,-5.40554,L-arabinose degradation IV,,,,,,,,,,,,,,,,
Non-Fermenter,Downregulated,-5.410721,vitamin B6 degradation,,,,,,,,,,,,,,,,
Non-Fermenter,Downregulated,-5.417722,mevalonate pathway II (archaea),,,,,,,,,,,,,,,,
Non-Fermenter,Downregulated,-5.460577,"superpathway of L-arginine, putrescine, and 4-aminobutanoate degradation",,,,,,,,,,,,,,,,
Non-Fermenter,Downregulated,-5.460577,superpathway of L-arginine and L-ornithine degradation,,,,,,,,,,,,,,,,
Non-Fermenter,Downregulated,-5.492843,Methanobacterium thermoautotrophicum biosynthetic metabolism,,,,,,,,,,,,,,,,
Non-Fermenter,Downregulated,-5.556858,superpathway of pyrimidine ribonucleosides degradation,,,,,,,,,,,,,,,,
Non-Fermenter,Downregulated,-5.788762,glucose degradation (oxidative),,,,,,,,,,,,,,,,
Non-Fermenter,Downregulated,-5.935268,creatinine degradation I,,,,,,,,,,,,,,,,
Non-Fermenter,Downregulated,-5.958798,archaetidylserine and archaetidylethanolamine biosynthesis,,,,,,,,,,,,,,,,
Non-Fermenter,Downregulated,-6.031135,superpathway of the 3-hydroxypropanoate cycle,,,,,,,,,,,,,,,,
Non-Fermenter,Downregulated,-6.035784,glyoxylate assimilation,,,,,,,,,,,,,,,,
Non-Fermenter,Downregulated,-6.04326,flavin biosynthesis II (archaea),,,,,,,,,,,,,,,,
Non-Fermenter,Downregulated,-6.257647,coenzyme B biosynthesis,,,,,,,,,,,,,,,,
Non-Fermenter,Downregulated,-6.312289,superpathway of sialic acids and CMP-sialic acids biosynthesis,,,,,,,,,,,,,,,,
Non-Fermenter,Downregulated,-6.382127,3-hydroxypropanoate cycle,,,,,,,,,,,,,,,,
Non-Fermenter,Downregulated,-6.698566,phosphopantothenate biosynthesis III,,,,,,,,,,,,,,,,
Non-Fermenter,Downregulated,-6.828541,7-(3-amino-3-carboxypropyl)-wyosine biosynthesis,,,,,,,,,,,,,,,,
Non-Fermenter,Downregulated,-6.879648,CDP-archaeol biosynthesis,,,,,,,,,,,,,,,,
Non-Fermenter,Downregulated,-6.905615,archaetidylinositol biosynthesis,,,,,,,,,,,,,,,,
Non-Fermenter,Downregulated,-6.938957,superpathway of mycolate biosynthesis,,,,,,,,,,,,,,,,
Non-Fermenter,Downregulated,-7.090732,superpathway of fatty acids biosynthesis (E. coli),,,,,,,,,,,,,,,,
Non-Fermenter,Downregulated,-7.445651,superpathway of unsaturated fatty acids biosynthesis (E. coli),,,,,,,,,,,,,,,,
Non-Fermenter,Downregulated,-8.433703,heparin degradation,,,,,,,,,,,,,,,,
Non-Fermenter,Downregulated,-9.838865,starch biosynthesis,,,,,,,,,,,,,,,,
,,,,,,,,,,,,,,,,,,,
Foregut,Upregulated,1.749313,glucose degradation (oxidative),,,,,,,,,,,,,,,,
Foregut,Downregulated,-2.657055,gallate degradation II,,,,,,,,,,,,,,,,
Foregut,Downregulated,-2.659209,methylgallate degradation,,,,,,,,,,,,,,,,
Foregut,Downregulated,-3.109241,protocatechuate degradation I (meta-cleavage pathway),,,,,,,,,,,,,,,,
,,,,,,,,,,,,,,,,,,,
Hindgut,Upregulated,3.821576,sulfoglycolysis,,,,,,,,,,,,,,,,
Hindgut,Upregulated,3.6339,"mono-trans, poly-cis decaprenyl phosphate biosynthesis",,,,,,,,,,,,,,,,
Hindgut,Upregulated,3.609999,superpathway of L-tryptophan biosynthesis,,,,,,,,,,,,,,,,
Hindgut,Upregulated,3.474048,superpathway of L-threonine metabolism,,,,,,,,,,,,,,,,
Hindgut,Upregulated,3.360512,lactose and galactose degradation I,,,,,,,,,,,,,,,,
Hindgut,Upregulated,3.091891,mycothiol biosynthesis,,,,,,,,,,,,,,,,
Hindgut,Upregulated,2.675777,superpathway of lipopolysaccharide biosynthesis,,,,,,,,,,,,,,,,
Hindgut,Upregulated,2.651241,isopropanol biosynthesis,,,,,,,,,,,,,,,,
Hindgut,Upregulated,2.617272,enterobacterial common antigen biosynthesis,,,,,,,,,,,,,,,,
Hindgut,Upregulated,2.441451,mevalonate pathway I,,,,,,,,,,,,,,,,
Hindgut,Upregulated,2.43496,enterobactin biosynthesis,,,,,,,,,,,,,,,,
Hindgut,Upregulated,2.327785,ketogluconate metabolism,,,,,,,,,,,,,,,,
Hindgut,Upregulated,2.225282,superpathway of geranylgeranyldiphosphate biosynthesis I (via mevalonate),,,,,,,,,,,,,,,,
Hindgut,Upregulated,2.164661,4-hydroxyphenylacetate degradation,,,,,,,,,,,,,,,,
Hindgut,Upregulated,1.980161,superpathway of methylglyoxal degradation,,,,,,,,,,,,,,,,
Hindgut,Upregulated,1.905616,peptidoglycan biosynthesis II (staphylococci),,,,,,,,,,,,,,,,
Hindgut,Upregulated,1.523369,polymyxin resistance,,,,,,,,,,,,,,,,
Hindgut,Downregulated,-1.656185,adenosine nucleotides degradation IV,,,,,,,,,,,,,,,,
Hindgut,Downregulated,-1.736694,protocatechuate degradation II (ortho-cleavage pathway),,,,,,,,,,,,,,,,
Hindgut,Downregulated,-1.737838,ergothioneine biosynthesis I (bacteria),,,,,,,,,,,,,,,,
Hindgut,Downregulated,-1.768964,glycolysis V (Pyrococcus),,,,,,,,,,,,,,,,
Hindgut,Downregulated,-1.993374,octane oxidation,,,,,,,,,,,,,,,,
Hindgut,Downregulated,-2.034813,L-leucine degradation I,,,,,,,,,,,,,,,,
Hindgut,Downregulated,-2.08762,superpathway of bacteriochlorophyll a biosynthesis,,,,,,,,,,,,,,,,
Hindgut,Downregulated,-2.265744,photorespiration,,,,,,,,,,,,,,,,
Hindgut,Downregulated,-2.268193,methylaspartate cycle,,,,,,,,,,,,,,,,
Hindgut,Downregulated,-2.761539,L-histidine degradation II,,,,,,,,,,,,,,,,
Hindgut,Downregulated,-2.781444,4-coumarate degradation (anaerobic),,,,,,,,,,,,,,,,
Hindgut,Downregulated,-2.84812,superpathway of taurine degradation,,,,,,,,,,,,,,,,
Hindgut,Downregulated,-2.887342,benzoyl-CoA degradation II (anaerobic),,,,,,,,,,,,,,,,
Hindgut,Downregulated,-3.049135,"1,4-dihydroxy-6-naphthoate biosynthesis I",,,,,,,,,,,,,,,,
Hindgut,Downregulated,-3.086231,phospholipases,,,,,,,,,,,,,,,,
Hindgut,Downregulated,-3.128523,glyoxylate assimilation,,,,,,,,,,,,,,,,
Hindgut,Downregulated,-3.184586,starch biosynthesis,,,,,,,,,,,,,,,,
Hindgut,Downregulated,-3.280406,toluene degradation VI (anaerobic),,,,,,,,,,,,,,,,
Hindgut,Downregulated,-3.285864,formaldehyde assimilation I (serine pathway),,,,,,,,,,,,,,,,
Hindgut,Downregulated,-3.344524,mandelate degradation I,,,,,,,,,,,,,,,,
Hindgut,Downregulated,-3.359707,"spirilloxanthin and 2,2'-diketo-spirilloxanthin biosynthesis",,,,,,,,,,,,,,,,
Hindgut,Downregulated,-3.377708,chondroitin sulfate degradation I (bacterial),,,,,,,,,,,,,,,,
Hindgut,Downregulated,-3.464429,nitrate reduction I (denitrification),,,,,,,,,,,,,,,,
Hindgut,Downregulated,-3.50155,ethylmalonyl-CoA pathway,,,,,,,,,,,,,,,,
Hindgut,Downregulated,-3.527114,creatinine degradation I,,,,,,,,,,,,,,,,
Hindgut,Downregulated,-3.57414,3-hydroxypropanoate cycle,,,,,,,,,,,,,,,,
Hindgut,Downregulated,-3.624927,superpathway of C1 compounds oxidation to CO2,,,,,,,,,,,,,,,,
Hindgut,Downregulated,-3.638086,heparin degradation,,,,,,,,,,,,,,,,
Hindgut,Downregulated,-3.702029,superpathway of fatty acids biosynthesis (E. coli),,,,,,,,,,,,,,,,
Hindgut,Downregulated,-3.838883,superpathway of unsaturated fatty acids biosynthesis (E. coli),,,,,,,,,,,,,,,,
Hindgut,Downregulated,-3.870605,superpathway of mycolate biosynthesis,,,,,,,,,,,,,,,,
Hindgut,Downregulated,-4.293875,coumarins biosynthesis (engineered),,,,,,,,,,,,,,,,
Hindgut,Downregulated,-4.557506,"1,5-anhydrofructose degradation",,,,,,,,,,,,,,,,
Hindgut,Downregulated,-4.647626,nitrifier denitrification,,,,,,,,,,,,,,,,
Hindgut,Downregulated,-4.764741,superpathway of pyrimidine ribonucleosides degradation,,,,,,,,,,,,,,,,
Hindgut,Downregulated,-5.047839,3-hydroxypropanoate/4-hydroxybutanate cycle,,,,,,,,,,,,,,,,
Hindgut,Downregulated,-6.013681,paromamine biosynthesis I,,,,,,,,,,,,,,,,
Hindgut,Downregulated,-6.164148,nylon-6 oligomer degradation,,,,,,,,,,,,,,,,
Hindgut,Downregulated,-6.688026,benzoyl-CoA degradation I (aerobic),,,,,,,,,,,,,,,,
Hindgut,Downregulated,-7.216385,crotonate fermentation (to acetate and cyclohexane carboxylate),,,,,,,,,,,,,,,,
Hindgut,Downregulated,-9.203668,folate transformations I,,,,,,,,,,,,,,,,
Hindgut,Downregulated,-21.591913,superpathway of methanogenesis,,,,,,,,,,,,,,,,
